,AGENT_EXECUTING,AGENT_EXECUTING_PENDING,AGENT_SCHEDULING,AGENT_SCHEDULING_PENDING,AGENT_STAGING_INPUT,AGENT_STAGING_INPUT_PENDING,AGENT_STAGING_OUTPUT,AGENT_STAGING_OUTPUT_PENDING,CANCELED,DONE,FAILED,NEW,UMGR_SCHEDULING,UMGR_SCHEDULING_PENDING,UMGR_STAGING_INPUT,UMGR_STAGING_INPUT_PENDING,UMGR_STAGING_OUTPUT,UMGR_STAGING_OUTPUT_PENDING,U_AGENT_EXECUTING,U_AGENT_QUEUING,U_AGENT_QUEUING_EXEC,U_AGENT_SCHEDULING,U_UMGR_BINDING,U_UMGR_SCHEDULING,cu_exec_start_stop,experiment,hid,pid,sid,uid,util_u_eprep,util_u_equeue,util_u_exec_app,util_u_exec_cu,util_u_exec_orte,util_u_exec_rp,util_u_pre_exec,util_u_total,util_u_unschedule
0,117.90910005569458,117.90820002555847,117.90610003471375,117.89910006523132,117.89829993247986,116.25430011749268,718.1721000671387,718.1716001033783,,720.4182000160217,,115.85470008850098,116.2441999912262,116.23550009727478,116.25360012054443,116.24760007858276,720.4177000522614,718.1737999916077,600.2625000476837,0.006999969482421875,0.0009000301361083984,0.0020999908447265625,0.008699893951416016,0.3808000087738037,600.1231999397278,exp1,sdsc.edu,pilot.0000,rp.session.two.jdakka.017783.0009,unit.000000,0.004499912261962891,0.0022001266479492188,,0.008599996566772461,,0.029200077056884766,0.0018000602722167969,600.265200138092,
1,117.93910002708435,117.9096999168396,117.90610003471375,117.89910006523132,117.89829993247986,116.25430011749268,718.0715999603271,718.0706000328064,,720.4182000160217,,115.85579991340637,116.2441999912262,116.23550009727478,116.25360012054443,116.24760007858276,720.4177000522614,718.072900056839,600.131500005722,0.006999969482421875,0.029400110244750977,0.003599882125854492,0.008699893951416016,0.3797001838684082,600.077399969101,exp1,sdsc.edu,pilot.0000,rp.session.two.jdakka.017783.0009,unit.000001,0.004499912261962891,0.030699968338012695,,0.008899927139282227,,0.011500120162963867,0.0018999576568603516,600.162999868393,
2,117.95190000534058,117.91129994392395,117.90610003471375,117.89910006523132,117.89829993247986,116.25430011749268,718.1754999160767,718.172600030899,,720.4182000160217,,115.85700011253357,116.2441999912262,116.23550009727478,116.25360012054443,116.24760007858276,720.4177000522614,718.176500082016,600.2207000255585,0.006999969482421875,0.04060006141662598,0.005199909210205078,0.008699893951416016,0.37849998474121094,600.1241998672485,exp1,sdsc.edu,pilot.0000,rp.session.two.jdakka.017783.0009,unit.000002,0.004199981689453125,0.041899919509887695,,0.012800216674804688,,0.010999917984008789,0.0033998489379882812,600.2646000385284,
3,117.96370005607605,117.91280007362366,117.90610003471375,117.89910006523132,117.89829993247986,116.25430011749268,718.174299955368,718.1719999313354,,720.4182000160217,,115.85820007324219,116.2441999912262,116.23550009727478,116.25360012054443,116.24760007858276,720.4177000522614,718.1751000881195,600.2082998752594,0.006999969482421875,0.05089998245239258,0.006700038909912109,0.008699893951416016,0.3773000240325928,600.1321001052856,exp1,sdsc.edu,pilot.0000,rp.session.two.jdakka.017783.0009,unit.000003,0.004499912261962891,0.0522000789642334,,0.00839996337890625,,0.013700008392333984,0.0018999576568603516,600.2618000507355,
4,117.9760000705719,117.91440010070801,117.90610003471375,117.89910006523132,117.89829993247986,116.25430011749268,718.2739999294281,718.2734999656677,,720.4182000160217,,115.8594000339508,116.2441999912262,116.23550009727478,116.25360012054443,116.24760007858276,720.4177000522614,718.2755999565125,600.2974998950958,0.006999969482421875,0.0615999698638916,0.008300065994262695,0.008699893951416016,0.3761000633239746,600.1449999809265,exp1,sdsc.edu,pilot.0000,rp.session.two.jdakka.017783.0009,unit.000004,0.005899906158447266,0.06290006637573242,,0.05560016632080078,,0.012599945068359375,0.020400047302246094,600.3608000278473,
5,117.99040007591248,117.91589999198914,117.90610003471375,117.89910006523132,117.89829993247986,116.25430011749268,718.2774000167847,718.2743999958038,,720.4182000160217,,115.86050009727478,116.2441999912262,116.23550009727478,116.25360012054443,116.24760007858276,720.4177000522614,718.2781999111176,600.2839999198914,0.006999969482421875,0.07450008392333984,0.009799957275390625,0.008699893951416016,0.375,600.1533000469208,exp1,sdsc.edu,pilot.0000,rp.session.two.jdakka.017783.0009,unit.000005,0.004999876022338867,0.07580018043518066,,0.059999942779541016,,0.03910017013549805,0.004600048065185547,600.3618001937866,
6,118.02239990234375,117.91750001907349,117.90610003471375,117.89910006523132,117.89829993247986,116.25430011749268,718.2760999202728,718.2739000320435,,720.4182000160217,,115.86159992218018,116.2441999912262,116.23550009727478,116.25360012054443,116.24760007858276,720.4177000522614,718.2769000530243,600.2515001296997,0.006999969482421875,0.10489988327026367,0.011399984359741211,0.008699893951416016,0.3739001750946045,600.1375999450684,exp1,sdsc.edu,pilot.0000,rp.session.two.jdakka.017783.0009,unit.000006,0.004000186920166016,0.10629987716674805,,0.04610013961791992,,0.04289984703063965,0.018399953842163086,600.3590998649597,
7,118.04960012435913,117.91899991035461,117.90610003471375,117.89910006523132,117.89829993247986,116.25430011749268,718.3757998943329,718.3752999305725,,720.4182000160217,,115.86280012130737,116.2441999912262,116.23550009727478,116.25360012054443,116.24760007858276,720.4177000522614,718.3770999908447,600.3256998062134,0.006999969482421875,0.1306002140045166,0.01289987564086914,0.008699893951416016,0.3726999759674072,600.1434998512268,exp1,sdsc.edu,pilot.0000,rp.session.two.jdakka.017783.0009,unit.000007,0.00429987907409668,0.13190007209777832,,0.0680999755859375,,0.05730009078979492,0.013499975204467773,600.4579999446869,
8,118.08340001106262,117.92059993743896,117.90610003471375,117.89910006523132,117.89829993247986,116.25430011749268,718.3775999546051,718.3757998943329,,720.4182000160217,,115.86400008201599,116.2441999912262,116.23550009727478,116.25360012054443,116.24760007858276,720.4177000522614,718.3784000873566,600.2923998832703,0.006999969482421875,0.16280007362365723,0.014499902725219727,0.008699893951416016,0.37150001525878906,600.1380000114441,exp1,sdsc.edu,pilot.0000,rp.session.two.jdakka.017783.0009,unit.000008,0.01250004768371582,0.16409993171691895,,0.07419991493225098,,0.046000003814697266,0.018200159072875977,600.4577000141144,
9,118.1217999458313,117.92219996452332,117.90610003471375,117.89910006523132,117.89829993247986,116.25430011749268,718.4770998954773,718.4767000675201,,720.4182000160217,,115.86500000953674,116.2441999912262,116.23550009727478,116.25360012054443,116.24760007858276,720.4177000522614,718.4786999225616,600.3549001216888,0.006999969482421875,0.1995999813079834,0.016099929809570312,0.008699893951416016,0.3705000877380371,600.1291999816895,exp1,sdsc.edu,pilot.0000,rp.session.two.jdakka.017783.0009,unit.000009,0.007800102233886719,0.20089983940124512,,0.07299995422363281,,0.04329991340637207,0.018199920654296875,600.5561997890472,
10,118.15300011634827,117.92379999160767,117.90610003471375,117.89910006523132,117.89829993247986,116.25430011749268,718.4804000854492,718.4776000976562,,720.4182000160217,,115.86619997024536,116.2441999912262,116.23550009727478,116.25360012054443,116.24760007858276,720.4177000522614,718.4811999797821,600.324599981308,0.006999969482421875,0.22920012474060059,0.0176999568939209,0.008699893951416016,0.36930012702941895,600.1536998748779,exp1,sdsc.edu,pilot.0000,rp.session.two.jdakka.017783.0009,unit.000010,0.004399776458740234,0.2305002212524414,,0.06760001182556152,,0.040000200271606445,0.011399984359741211,600.5571000576019,
11,118.18129992485046,117.92540001869202,117.90610003471375,117.89910006523132,117.89829993247986,116.25430011749268,718.4792001247406,718.4770998954773,,720.4182000160217,,115.86739993095398,116.2441999912262,116.23550009727478,116.25360012054443,116.24760007858276,720.4177000522614,718.4800000190735,600.2957999706268,0.006999969482421875,0.25589990615844727,0.019299983978271484,0.008699893951416016,0.3681001663208008,600.1359000205994,exp1,sdsc.edu,pilot.0000,rp.session.two.jdakka.017783.0009,unit.000011,0.00410008430480957,0.2572000026702881,,0.09719991683959961,,0.049900054931640625,0.01920008659362793,600.5542001724243,
12,118.20810008049011,117.92700004577637,117.90610003471375,117.89910006523132,117.89829993247986,116.25430011749268,718.5789000988007,718.5783998966217,,720.4182000160217,,115.86849999427795,116.2441999912262,116.23550009727478,116.25360012054443,116.24760007858276,720.4177000522614,718.5804998874664,600.3702998161316,0.006999969482421875,0.2811000347137451,0.02090001106262207,0.008699893951416016,0.36700010299682617,600.1617000102997,exp1,sdsc.edu,pilot.0000,rp.session.two.jdakka.017783.0009,unit.000012,0.011999845504760742,0.28240013122558594,,0.08139991760253906,,0.044300079345703125,0.020299911499023438,600.6531000137329,
13,118.2435998916626,117.92860007286072,117.90610003471375,117.89910006523132,117.89829993247986,116.25430011749268,718.582200050354,718.5792999267578,,720.4182000160217,,115.86969995498657,116.2441999912262,116.23550009727478,116.25360012054443,116.24760007858276,720.4177000522614,718.5831000804901,600.3357000350952,0.006999969482421875,0.3149998188018799,0.022500038146972656,0.008699893951416016,0.365800142288208,600.1663000583649,exp1,sdsc.edu,pilot.0000,rp.session.two.jdakka.017783.0009,unit.000013,0.004400014877319336,0.3162999153137207,,0.06819987297058105,,0.05610013008117676,0.020299911499023438,600.6542000770569,
14,118.27430009841919,117.93020009994507,117.90610003471375,117.89910006523132,117.89829993247986,116.25430011749268,718.5808999538422,718.5787999629974,,720.4182000160217,,115.87100005149841,116.2441999912262,116.23550009727478,116.25360012054443,116.24760007858276,720.4177000522614,718.5817999839783,600.3044998645782,0.006999969482421875,0.3440999984741211,0.024100065231323242,0.008699893951416016,0.3645000457763672,600.1431999206543,exp1,sdsc.edu,pilot.0000,rp.session.two.jdakka.017783.0009,unit.000014,0.011199951171875,0.3454000949859619,,0.0802001953125,,0.059599876403808594,0.020400047302246094,600.651200056076,
15,118.31019997596741,117.93179988861084,117.90610003471375,117.89910006523132,117.89829993247986,116.25430011749268,718.6805999279022,718.6800999641418,,720.4182000160217,,115.87210011482239,116.2441999912262,116.23550009727478,116.25360012054443,116.24760007858276,720.4177000522614,718.6821000576019,600.3698999881744,0.006999969482421875,0.3784000873565674,0.025699853897094727,0.008699893951416016,0.3633999824523926,600.1598000526428,exp1,sdsc.edu,pilot.0000,rp.session.two.jdakka.017783.0009,unit.000015,0.01230001449584961,0.3796999454498291,,0.0719001293182373,,0.04979991912841797,0.014699935913085938,600.7500998973846,
16,118.34809994697571,117.93339991569519,117.90610003471375,117.89910006523132,117.89829993247986,116.25430011749268,718.6840999126434,718.680999994278,,720.4182000160217,,115.87319993972778,116.2441999912262,116.23550009727478,116.25360012054443,116.24760007858276,720.4177000522614,718.6849999427795,600.3329000473022,0.006999969482421875,0.4147000312805176,0.027299880981445312,0.008699893951416016,0.36230015754699707,600.1339998245239,exp1,sdsc.edu,pilot.0000,rp.session.two.jdakka.017783.0009,unit.000016,0.006800174713134766,0.4159998893737793,,0.06190013885498047,,0.05639982223510742,0.013299942016601562,600.7513999938965,
17,118.38170003890991,117.93499994277954,117.90610003471375,117.89910006523132,117.89829993247986,116.25430011749268,718.6826000213623,718.6805000305176,,720.4182000160217,,115.8743999004364,116.2441999912262,116.23550009727478,116.25360012054443,116.24760007858276,720.4177000522614,718.683599948883,600.2987999916077,0.006999969482421875,0.4467000961303711,0.0288999080657959,0.008699893951416016,0.3611001968383789,600.1247000694275,exp1,sdsc.edu,pilot.0000,rp.session.two.jdakka.017783.0009,unit.000017,0.013099908828735352,0.4479999542236328,,0.07719993591308594,,0.04870009422302246,0.029999971389770508,600.7482998371124,
18,118.42020010948181,117.93650007247925,117.90610003471375,117.89910006523132,117.89829993247986,116.25430011749268,718.7822999954224,718.781800031662,,720.4182000160217,,115.8756000995636,116.2441999912262,116.23550009727478,116.25360012054443,116.24760007858276,720.4177000522614,718.7832999229431,600.3615999221802,0.006999969482421875,0.4837000370025635,0.03040003776550293,0.008699893951416016,0.35989999771118164,600.1510000228882,exp1,sdsc.edu,pilot.0000,rp.session.two.jdakka.017783.0009,unit.000018,0.008299827575683594,0.48489999771118164,,0.08289980888366699,,0.04470014572143555,0.030299901962280273,600.8468999862671,
19,118.45199990272522,117.93799996376038,117.90610003471375,117.89910006523132,117.89829993247986,116.25430011749268,718.7850999832153,718.7827000617981,,720.4182000160217,,115.87680006027222,116.2441999912262,116.23550009727478,116.25360012054443,116.24760007858276,720.4177000522614,718.7860000133514,600.3307001590729,0.006999969482421875,0.5139999389648438,0.03189992904663086,0.008699893951416016,0.3587000370025635,600.1461999416351,exp1,sdsc.edu,pilot.0000,rp.session.two.jdakka.017783.0009,unit.000019,0.00690007209777832,0.5151998996734619,,0.054000139236450195,,0.04809999465942383,0.011600017547607422,600.8480999469757,
20,118.47930002212524,117.93950009346008,117.90610003471375,117.89910006523132,117.89829993247986,116.25430011749268,718.7838001251221,718.7822000980377,,720.4182000160217,,115.87790012359619,116.2441999912262,116.23550009727478,116.25360012054443,116.24760007858276,720.4177000522614,718.7846999168396,600.3029000759125,0.006999969482421875,0.5397999286651611,0.03340005874633789,0.008699893951416016,0.35759997367858887,600.1487998962402,exp1,sdsc.edu,pilot.0000,rp.session.two.jdakka.017783.0009,unit.000020,0.010600090026855469,0.5410001277923584,,0.057199954986572266,,0.02629995346069336,0.013000011444091797,600.8452000617981,
21,118.50869989395142,117.94120001792908,117.90610003471375,117.89910006523132,117.89829993247986,116.25430011749268,718.8838999271393,718.8833999633789,,720.4182000160217,,115.87910008430481,116.2441999912262,116.23550009727478,116.25360012054443,116.24760007858276,720.4177000522614,718.8849000930786,600.3747000694275,0.006999969482421875,0.5674998760223389,0.03509998321533203,0.008699893951416016,0.3564000129699707,600.1577000617981,exp1,sdsc.edu,pilot.0000,rp.session.two.jdakka.017783.0009,unit.000021,0.004700183868408203,0.5688998699188232,,0.06589984893798828,,0.04550004005432129,0.019500017166137695,600.9440999031067,
22,118.53390002250671,117.94280004501343,117.90610003471375,117.89910006523132,117.89829993247986,116.25430011749268,718.8880000114441,718.8847000598907,,720.4182000160217,,115.8801999092102,116.2441999912262,116.23550009727478,116.25360012054443,116.24760007858276,720.4177000522614,718.8891000747681,600.350800037384,0.006999969482421875,0.5910999774932861,0.03670001029968262,0.008699893951416016,0.3553001880645752,600.1498999595642,exp1,sdsc.edu,pilot.0000,rp.session.two.jdakka.017783.0009,unit.000022,0.006399869918823242,0.592400074005127,,0.09000015258789062,,0.03690004348754883,0.018800020217895508,600.9467000961304,
23,118.56209993362427,117.94449996948242,117.90610003471375,117.89910006523132,117.89829993247986,116.25430011749268,718.8852999210358,718.8838000297546,,720.4182000160217,,115.8814001083374,116.2441999912262,116.23550009727478,116.25360012054443,116.24760007858276,720.4177000522614,718.8861999511719,600.3217000961304,0.006999969482421875,0.6175999641418457,0.03839993476867676,0.008699893951416016,0.35409998893737793,600.134800195694,exp1,sdsc.edu,pilot.0000,rp.session.two.jdakka.017783.0009,unit.000023,0.004400014877319336,0.6188998222351074,,0.0718998908996582,,0.04270005226135254,0.018599987030029297,600.941999912262,
24,118.5896999835968,117.94619989395142,117.90610003471375,117.89910006523132,117.89829993247986,116.25430011749268,718.8896000385284,718.8850998878479,,720.4182000160217,,115.8824999332428,116.2441999912262,116.23550009727478,116.25360012054443,116.24760007858276,720.4177000522614,718.8905999660492,600.2953999042511,0.006999969482421875,0.6435000896453857,0.0400998592376709,0.008699893951416016,0.3530001640319824,600.1346998214722,exp1,sdsc.edu,pilot.0000,rp.session.two.jdakka.017783.0009,unit.000024,0.004199981689453125,0.6449000835418701,,0.06410002708435059,,0.05590009689331055,0.017999887466430664,600.9448001384735,
25,118.61579990386963,117.94790005683899,117.90610003471375,117.89910006523132,117.89829993247986,116.25430011749268,718.8866000175476,718.8842000961304,,720.4182000160217,,115.88359999656677,116.2441999912262,116.23550009727478,116.25360012054443,116.24760007858276,720.4177000522614,718.8875999450684,600.2684001922607,0.006999969482421875,0.6678998470306396,0.04180002212524414,0.008699893951416016,0.3519001007080078,600.1291000843048,exp1,sdsc.edu,pilot.0000,rp.session.two.jdakka.017783.0009,unit.000025,0.004700183868408203,0.669299840927124,,0.07060003280639648,,0.04679989814758301,0.009599924087524414,600.9401998519897,
26,118.64619994163513,117.94950008392334,117.90610003471375,117.89910006523132,117.89829993247986,116.25430011749268,718.9863998889923,718.9858999252319,,720.4182000160217,,115.88470005989075,116.2441999912262,116.23550009727478,116.25360012054443,116.24760007858276,720.4177000522614,718.9878001213074,600.3396999835968,0.006999969482421875,0.696699857711792,0.04340004920959473,0.008699893951416016,0.3508000373840332,600.1352000236511,exp1,sdsc.edu,pilot.0000,rp.session.two.jdakka.017783.0009,unit.000026,0.006800174713134766,0.6979999542236328,,0.06500005722045898,,0.03639984130859375,0.018899917602539062,601.0381000041962,
27,118.67170000076294,117.9514000415802,117.90610003471375,117.89910006523132,117.89829993247986,116.25430011749268,718.9897999763489,718.9867000579834,,720.4182000160217,,115.88590002059937,116.2441999912262,116.23550009727478,116.25360012054443,116.24760007858276,720.4177000522614,718.990700006485,600.3150000572205,0.006999969482421875,0.7202999591827393,0.04530000686645508,0.008699893951416016,0.34960007667541504,600.1426000595093,exp1,sdsc.edu,pilot.0000,rp.session.two.jdakka.017783.0009,unit.000027,0.004400014877319336,0.7218000888824463,,0.07920002937316895,,0.027699947357177734,0.026600122451782227,601.0393002033234,
28,118.69959998130798,117.95329999923706,117.90610003471375,117.89910006523132,117.89829993247986,116.25430011749268,718.9881999492645,718.9862999916077,,720.4182000160217,,115.88700008392334,116.2441999912262,116.23550009727478,116.25360012054443,116.24760007858276,720.4177000522614,718.9893000125885,600.2867000102997,0.006999969482421875,0.7462999820709229,0.04719996452331543,0.008699893951416016,0.34850001335144043,600.1291000843048,exp1,sdsc.edu,pilot.0000,rp.session.two.jdakka.017783.0009,unit.000028,0.0060999393463134766,0.7477998733520508,,0.07910013198852539,,0.04369997978210449,0.024699926376342773,601.0358998775482,
29,118.72679996490479,117.95499992370605,117.90610003471375,117.89910006523132,117.89829993247986,116.25430011749268,719.0878999233246,719.0873999595642,,721.9649000167847,,115.88809990882874,116.2441999912262,116.23550009727478,116.25360012054443,116.24760007858276,721.9644000530243,719.0887999534607,600.3605999946594,0.006999969482421875,0.7718000411987305,0.04889988899230957,0.008699893951416016,0.3474001884460449,600.1303000450134,exp1,sdsc.edu,pilot.0000,rp.session.two.jdakka.017783.0009,unit.000029,0.0046999454498291016,0.7732000350952148,,0.0698997974395752,,0.052100181579589844,0.010499954223632812,601.134299993515,
30,118.7613000869751,117.95679998397827,117.90610003471375,117.89910006523132,117.89829993247986,116.25430011749268,719.0905001163483,719.0882999897003,,721.9649000167847,,115.88930010795593,116.2441999912262,116.23550009727478,116.25360012054443,116.24760007858276,721.9644000530243,719.0913999080658,600.3269999027252,0.006999969482421875,0.8045001029968262,0.05069994926452637,0.008699893951416016,0.34619998931884766,600.1226000785828,exp1,sdsc.edu,pilot.0000,rp.session.two.jdakka.017783.0009,unit.000030,0.011899948120117188,0.8059999942779541,,0.07019996643066406,,0.042999982833862305,0.0167999267578125,601.1352999210358,
31,118.79649996757507,117.95849990844727,117.90610003471375,117.89910006523132,117.89829993247986,116.25430011749268,719.0892999172211,719.0878000259399,,721.9649000167847,,115.89039993286133,116.2441999912262,116.23550009727478,116.25360012054443,116.24760007858276,721.9644000530243,719.0901000499725,600.2913000583649,0.006999969482421875,0.8380000591278076,0.05239987373352051,0.008699893951416016,0.34510016441345215,600.1340999603271,exp1,sdsc.edu,pilot.0000,rp.session.two.jdakka.017783.0009,unit.000031,0.006600141525268555,0.839400053024292,,0.09759998321533203,,0.04530000686645508,0.03899979591369629,601.1321001052856,
32,118.82550001144409,117.96020007133484,117.90610003471375,117.89910006523132,117.89829993247986,116.25430011749268,719.1895000934601,719.1889998912811,,721.9649000167847,,115.89170002937317,116.2441999912262,116.23550009727478,116.25360012054443,116.24760007858276,721.9644000530243,719.1904001235962,600.363499879837,0.006999969482421875,0.8652999401092529,0.05410003662109375,0.008699893951416016,0.34380006790161133,600.1335999965668,exp1,sdsc.edu,pilot.0000,rp.session.two.jdakka.017783.0009,unit.000032,0.013700008392333984,0.8666999340057373,,0.09449982643127441,,0.047300100326538086,0.03900003433227539,601.2305998802185,
33,118.8561999797821,117.96180009841919,117.90610003471375,117.89910006523132,117.89829993247986,116.25430011749268,719.1921000480652,719.1898000240326,,721.9649000167847,,115.89289999008179,116.2441999912262,116.23550009727478,116.25360012054443,116.24760007858276,721.9644000530243,719.1928999423981,600.3336000442505,0.006999969482421875,0.894399881362915,0.055700063705444336,0.008699893951416016,0.34260010719299316,600.1520001888275,exp1,sdsc.edu,pilot.0000,rp.session.two.jdakka.017783.0009,unit.000033,0.01660013198852539,0.8956999778747559,,0.09479999542236328,,0.05339980125427246,0.018800020217895508,601.2316999435425,
34,118.89800000190735,117.96350002288818,117.90610003471375,117.89910006523132,117.89829993247986,116.25430011749268,719.1907999515533,719.1893999576569,,721.9649000167847,,115.8940999507904,116.2441999912262,116.23550009727478,116.25360012054443,116.24760007858276,721.9644000530243,719.1916999816895,600.2913999557495,0.006999969482421875,0.934499979019165,0.05739998817443848,0.008699893951416016,0.341400146484375,600.1482000350952,exp1,sdsc.edu,pilot.0000,rp.session.two.jdakka.017783.0009,unit.000034,0.012399911880493164,0.9358999729156494,,0.073699951171875,,0.04720020294189453,0.008999824523925781,601.2286999225616,
35,118.93670010566711,117.9653000831604,117.90610003471375,117.89910006523132,117.89829993247986,116.25430011749268,719.2909998893738,719.2904999256134,,721.9649000167847,,115.89529991149902,116.2441999912262,116.23550009727478,116.25360012054443,116.24760007858276,721.9644000530243,719.2918999195099,600.3537998199463,0.006999969482421875,0.9714000225067139,0.05920004844665527,0.008699893951416016,0.34020018577575684,600.1420998573303,exp1,sdsc.edu,pilot.0000,rp.session.two.jdakka.017783.0009,unit.000035,0.011600017547607422,0.9729001522064209,,0.07719993591308594,,0.036499977111816406,0.02110004425048828,601.3271000385284,
36,118.96709990501404,117.9670000076294,117.90610003471375,117.89910006523132,117.89829993247986,116.25430011749268,719.2938001155853,719.2913000583649,,721.9649000167847,,115.89650011062622,116.2441999912262,116.23550009727478,116.25360012054443,116.24760007858276,721.9644000530243,719.2946999073029,600.3242001533508,0.006999969482421875,1.0000998973846436,0.060899972915649414,0.008699893951416016,0.33899998664855957,600.1494998931885,exp1,sdsc.edu,pilot.0000,rp.session.two.jdakka.017783.0009,unit.000036,0.004500150680541992,1.001499891281128,,0.07340002059936523,,0.04999995231628418,0.017000198364257812,601.3280000686646,
37,118.99119997024536,117.96869993209839,117.90610003471375,117.89910006523132,117.89829993247986,116.25430011749268,719.2924001216888,719.2908999919891,,721.9649000167847,,115.89779996871948,116.2441999912262,116.23550009727478,116.25360012054443,116.24760007858276,721.9644000530243,719.2934000492096,600.2997000217438,0.006999969482421875,1.0225000381469727,0.06259989738464355,0.008699893951416016,0.33770012855529785,600.1322000026703,exp1,sdsc.edu,pilot.0000,rp.session.two.jdakka.017783.0009,unit.000037,0.004300117492675781,1.023900032043457,,0.05260014533996582,,0.03289985656738281,0.014800071716308594,601.3250000476837,
38,119.01480007171631,117.97059988975525,117.90610003471375,117.89910006523132,117.89829993247986,116.25430011749268,719.3924000263214,719.3919999599457,,721.9649000167847,,115.89890003204346,116.2441999912262,116.23550009727478,116.25360012054443,116.24760007858276,721.9644000530243,719.3935000896454,600.3771998882294,0.006999969482421875,1.0442001819610596,0.0644998550415039,0.008699893951416016,0.33660006523132324,600.1363999843597,exp1,sdsc.edu,pilot.0000,rp.session.two.jdakka.017783.0009,unit.000038,0.011399984359741211,1.0457000732421875,,0.08239984512329102,,0.05480003356933594,0.018599987030029297,601.4233000278473,
39,119.05019998550415,117.97270011901855,117.90610003471375,117.89910006523132,117.89829993247986,116.25430011749268,719.3952000141144,719.3928000926971,,721.9649000167847,,115.90009999275208,116.2441999912262,116.23550009727478,116.25360012054443,116.24760007858276,721.9644000530243,719.3959999084473,600.342600107193,0.006999969482421875,1.0774998664855957,0.06660008430480957,0.008699893951416016,0.3354001045227051,600.1361000537872,exp1,sdsc.edu,pilot.0000,rp.session.two.jdakka.017783.0009,unit.000039,0.014899969100952148,1.0792999267578125,,0.06419992446899414,,0.04700016975402832,0.013299942016601562,601.4238998889923,
40,119.08200001716614,117.97519993782043,117.90610003471375,117.89910006523132,117.89829993247986,116.25430011749268,719.3938999176025,719.3924000263214,,721.9649000167847,,115.90120005607605,116.2441999912262,116.23550009727478,116.25360012054443,116.24760007858276,721.9644000530243,719.3947999477386,600.3104000091553,0.006999969482421875,1.1068000793457031,0.06909990310668945,0.008699893951416016,0.33430004119873047,600.1046998500824,exp1,sdsc.edu,pilot.0000,rp.session.two.jdakka.017783.0009,unit.000040,0.013099908828735352,1.1085999011993408,,0.07580018043518066,,0.04229998588562012,0.018899917602539062,601.4201998710632,
41,119.11529994010925,117.978600025177,117.90610003471375,117.89910006523132,117.89829993247986,116.25430011749268,719.3965001106262,719.3931999206543,,721.9649000167847,,115.90230011940002,116.2441999912262,116.23550009727478,116.25360012054443,116.24760007858276,721.9644000530243,719.3973000049591,600.277899980545,0.006999969482421875,1.136699914932251,0.07249999046325684,0.008699893951416016,0.33319997787475586,600.1509001255035,exp1,sdsc.edu,pilot.0000,rp.session.two.jdakka.017783.0009,unit.000041,0.006600141525268555,1.1392998695373535,,0.07769989967346191,,0.03509998321533203,0.02539992332458496,601.4200999736786,
42,119.14520001411438,117.98049998283386,117.90610003471375,117.89910006523132,117.89829993247986,116.25430011749268,719.4942998886108,719.4939000606537,,721.9649000167847,,115.90339994430542,116.2441999912262,116.23550009727478,116.25360012054443,116.24760007858276,721.9644000530243,719.4953000545502,600.3487000465393,0.006999969482421875,1.1647000312805176,0.07439994812011719,0.008699893951416016,0.33210015296936035,600.1360998153687,exp1,sdsc.edu,pilot.0000,rp.session.two.jdakka.017783.0009,unit.000042,0.004400014877319336,1.1663000583648682,,0.05910015106201172,,0.045599937438964844,0.008900165557861328,601.5153999328613,
43,119.17319989204407,117.98219990730286,117.90610003471375,117.89910006523132,117.89829993247986,116.25430011749268,719.4969999790192,719.4946999549866,,721.9649000167847,,115.90459990501404,116.2441999912262,116.23550009727478,116.25360012054443,116.24760007858276,721.9644000530243,719.4979000091553,600.3215000629425,0.006999969482421875,1.190999984741211,0.07609987258911133,0.008699893951416016,0.3309001922607422,600.1443998813629,exp1,sdsc.edu,pilot.0000,rp.session.two.jdakka.017783.0009,unit.000043,0.006300210952758789,1.1923999786376953,,0.07829999923706055,,0.05299997329711914,0.018000125885009766,601.5159001350403,
44,119.20919990539551,117.98390007019043,117.90610003471375,117.89910006523132,117.89829993247986,116.25430011749268,719.4957001209259,719.4942998886108,,721.9649000167847,,115.90580010414124,116.2441999912262,116.23550009727478,116.25360012054443,116.24760007858276,721.9644000530243,719.4965999126434,600.2850999832153,0.006999969482421875,1.2252998352050781,0.07780003547668457,0.008699893951416016,0.3296999931335449,600.167200088501,exp1,sdsc.edu,pilot.0000,rp.session.two.jdakka.017783.0009,unit.000044,0.004199981689453125,1.2266998291015625,,0.06970000267028809,,0.04080009460449219,0.019999980926513672,601.5130999088287,
45,119.23359990119934,117.98569989204407,117.90610003471375,117.89910006523132,117.89829993247986,116.25430011749268,719.5957999229431,719.5952999591827,,721.9649000167847,,115.90689992904663,116.2441999912262,116.23550009727478,116.25360012054443,116.24760007858276,721.9644000530243,719.5968000888824,600.3617000579834,0.006999969482421875,1.2479000091552734,0.07959985733032227,0.008699893951416016,0.3286001682281494,600.1479001045227,exp1,sdsc.edu,pilot.0000,rp.session.two.jdakka.017783.0009,unit.000045,0.007300138473510742,1.2493999004364014,,0.07339978218078613,,0.04500007629394531,0.02200007438659668,601.6115999221802,
46,119.26500010490417,117.98740005493164,117.90610003471375,117.89910006523132,117.89829993247986,116.25430011749268,719.5985000133514,719.5961000919342,,721.9649000167847,,115.9079999923706,116.2441999912262,116.23550009727478,116.25360012054443,116.24760007858276,721.9644000530243,719.5992999076843,600.33109998703,0.006999969482421875,1.2776000499725342,0.08130002021789551,0.008699893951416016,0.3275001049041748,600.1514999866486,exp1,sdsc.edu,pilot.0000,rp.session.two.jdakka.017783.0009,unit.000046,0.011399984359741211,1.2790000438690186,,0.08990001678466797,,0.03299999237060547,0.022600173950195312,601.6122000217438,
47,119.2969000339508,117.98900008201599,117.90610003471375,117.89910006523132,117.89829993247986,116.25430011749268,719.5971999168396,719.5957000255585,,721.9649000167847,,115.90919995307922,116.2441999912262,116.23550009727478,116.25360012054443,116.24760007858276,721.9644000530243,719.5980000495911,600.2987999916077,0.006999969482421875,1.3078999519348145,0.0829000473022461,0.008699893951416016,0.32630014419555664,600.1497001647949,exp1,sdsc.edu,pilot.0000,rp.session.two.jdakka.017783.0009,unit.000047,0.004600048065185547,1.3092000484466553,,0.0651998519897461,,0.04509997367858887,0.018399953842163086,601.6093001365662,
48,119.32290005683899,117.99070000648499,117.90610003471375,117.89910006523132,117.89829993247986,116.25430011749268,719.6972000598907,719.6967000961304,,721.9649000167847,,115.91039991378784,116.2441999912262,116.23550009727478,116.25360012054443,116.24760007858276,721.9644000530243,719.6981999874115,600.3738000392914,0.006999969482421875,1.332200050354004,0.08459997177124023,0.008699893951416016,0.3251001834869385,600.1496999263763,exp1,sdsc.edu,pilot.0000,rp.session.two.jdakka.017783.0009,unit.000048,0.02110004425048828,1.3335001468658447,,0.08170008659362793,,0.04049992561340332,0.02760004997253418,601.7078001499176,
49,119.36400008201599,117.9925000667572,117.90610003471375,117.89910006523132,117.89829993247986,116.25430011749268,719.7012000083923,719.697900056839,,721.9649000167847,,115.91160011291504,116.2441999912262,116.23550009727478,116.25360012054443,116.24760007858276,721.9644000530243,719.7019999027252,600.333899974823,0.006999969482421875,1.371500015258789,0.08640003204345703,0.008699893951416016,0.3238999843597412,600.1369998455048,exp1,sdsc.edu,pilot.0000,rp.session.two.jdakka.017783.0009,unit.000049,0.004499912261962891,1.373000144958496,,0.06890010833740234,,0.04349994659423828,0.016900062561035156,601.7098000049591,
50,119.38989996910095,117.99429988861084,117.90610003471375,117.89910006523132,117.89829993247986,116.25430011749268,719.6986999511719,719.6970999240875,,721.9649000167847,,115.91280007362366,116.2441999912262,116.23550009727478,116.25360012054443,116.24760007858276,721.9644000530243,719.6995000839233,600.3071999549866,0.006999969482421875,1.3956000804901123,0.08819985389709473,0.008699893951416016,0.32270002365112305,600.1443998813629,exp1,sdsc.edu,pilot.0000,rp.session.two.jdakka.017783.0009,unit.000050,0.004400014877319336,1.3970000743865967,,0.07500004768371582,,0.048799991607666016,0.01900005340576172,601.705500125885,
51,119.41330003738403,117.99799990653992,117.90610003471375,117.89910006523132,117.89829993247986,116.25430011749268,719.7988998889923,719.7985000610352,,721.9649000167847,,115.91389989852905,116.2441999912262,116.23550009727478,116.25360012054443,116.24760007858276,721.9644000530243,719.7999000549316,600.3852000236511,0.006999969482421875,1.4153001308441162,0.09189987182617188,0.008699893951416016,0.32160019874572754,600.1552999019623,exp1,sdsc.edu,pilot.0000,rp.session.two.jdakka.017783.0009,unit.000051,0.004499912261962891,1.4184999465942383,,0.08629989624023438,,0.04910016059875488,0.020099878311157227,601.8040997982025,
52,119.43939995765686,117.99959993362427,117.90610003471375,117.89910006523132,117.89829993247986,116.25430011749268,719.6998999118805,719.6974999904633,,721.9649000167847,,115.91510009765625,116.2441999912262,116.23550009727478,116.25360012054443,116.24760007858276,721.9644000530243,719.7007999420166,600.2581000328064,0.006999969482421875,1.4398000240325928,0.09349989891052246,0.008699893951416016,0.3203999996185303,600.1247999668121,exp1,sdsc.edu,pilot.0000,rp.session.two.jdakka.017783.0009,unit.000052,0.01230001449584961,1.4410998821258545,,0.06960010528564453,,0.04629993438720703,0.014400005340576172,601.7014000415802,
53,119.47259998321533,118.00119996070862,117.90610003471375,117.89910006523132,117.89829993247986,116.25430011749268,719.8015999794006,719.7994000911713,,721.9649000167847,,115.91619992256165,116.2441999912262,116.23550009727478,116.25360012054443,116.24760007858276,721.9644000530243,719.8025000095367,600.3268001079559,0.006999969482421875,1.4714000225067139,0.09509992599487305,0.008699893951416016,0.31930017471313477,600.1399998664856,exp1,sdsc.edu,pilot.0000,rp.session.two.jdakka.017783.0009,unit.000053,0.0051000118255615234,1.4726998805999756,,0.06839990615844727,,0.0410001277923584,0.015599966049194336,601.8015999794006,
54,119.49320006370544,118.00279998779297,117.90610003471375,117.89910006523132,117.89829993247986,116.25430011749268,719.8003001213074,719.7988998889923,,721.9649000167847,,115.91740012168884,116.2441999912262,116.23550009727478,116.25360012054443,116.24760007858276,721.9644000530243,719.8011999130249,600.3056998252869,0.006999969482421875,1.4904000759124756,0.09669995307922363,0.008699893951416016,0.3180999755859375,600.157399892807,exp1,sdsc.edu,pilot.0000,rp.session.two.jdakka.017783.0009,unit.000054,0.008199930191040039,1.4917001724243164,,0.08150005340576172,,0.04780006408691406,0.02740001678466797,601.798700094223,
55,119.52760004997253,118.00430011749268,117.90610003471375,117.89910006523132,117.89829993247986,116.25430011749268,719.9005999565125,719.9000000953674,,721.9649000167847,,115.91849994659424,116.2441999912262,116.23550009727478,116.25360012054443,116.24760007858276,721.9644000530243,719.9016001224518,600.3724000453949,0.006999969482421875,1.5232999324798584,0.09820008277893066,0.008699893951416016,0.317000150680542,600.1524000167847,exp1,sdsc.edu,pilot.0000,rp.session.two.jdakka.017783.0009,unit.000055,0.013799905776977539,1.5245001316070557,,0.06800007820129395,,0.03769993782043457,0.01250004768371582,601.8974001407623,
56,119.56610012054443,118.00589990615845,117.90610003471375,117.89910006523132,117.89829993247986,116.25430011749268,719.9033000469208,719.900899887085,,721.9649000167847,,115.91969990730286,116.2441999912262,116.23550009727478,116.25360012054443,116.24760007858276,721.9644000530243,719.9040999412537,600.3347997665405,0.006999969482421875,1.5602002143859863,0.09979987144470215,0.008699893951416016,0.31580018997192383,600.1399002075195,exp1,sdsc.edu,pilot.0000,rp.session.two.jdakka.017783.0009,unit.000056,0.004799842834472656,1.5614001750946045,,0.060399770736694336,,0.04910016059875488,0.017099857330322266,601.8983001708984,
57,119.59640002250671,118.00760006904602,117.90610003471375,117.89910006523132,117.89829993247986,116.25430011749268,719.9019999504089,719.9005000591278,,721.9649000167847,,115.92079997062683,116.2441999912262,116.23550009727478,116.25360012054443,116.24760007858276,721.9644000530243,719.902899980545,600.3041000366211,0.006999969482421875,1.5887999534606934,0.10150003433227539,0.008699893951416016,0.3147001266479492,600.1368000507355,exp1,sdsc.edu,pilot.0000,rp.session.two.jdakka.017783.0009,unit.000057,0.013000011444091797,1.5901999473571777,,0.06399989128112793,,0.03880000114440918,0.012900114059448242,601.8954999446869,
58,119.63450002670288,118.00929999351501,117.90610003471375,117.89910006523132,117.89829993247986,116.25430011749268,719.904599905014,719.9012999534607,,721.9649000167847,,115.9219000339508,116.2441999912262,116.23550009727478,116.25360012054443,116.24760007858276,721.9644000530243,719.9054000377655,600.2667999267578,0.006999969482421875,1.6252000331878662,0.10319995880126953,0.008699893951416016,0.3136000633239746,600.1477999687195,exp1,sdsc.edu,pilot.0000,rp.session.two.jdakka.017783.0009,unit.000058,0.004400014877319336,1.6266000270843506,,0.06909990310668945,,0.03710007667541504,0.021600008010864258,601.8963000774384,
59,119.66260004043579,118.01090002059937,117.90610003471375,117.89910006523132,117.89829993247986,116.25430011749268,720.0023000240326,720.0018000602722,,721.9649000167847,,115.92300009727478,116.2441999912262,116.23550009727478,116.25360012054443,116.24760007858276,721.9644000530243,720.0032000541687,600.3392000198364,0.006999969482421875,1.6517000198364258,0.10479998588562012,0.008699893951416016,0.3125,600.1259000301361,exp1,sdsc.edu,pilot.0000,rp.session.two.jdakka.017783.0009,unit.000059,0.004499912261962891,1.652899980545044,,0.06190013885498047,,0.04509997367858887,0.015600204467773438,601.9925999641418,
60,119.69339990615845,118.01259994506836,117.90610003471375,117.89910006523132,117.89829993247986,116.25430011749268,720.0048999786377,720.0025999546051,,721.9649000167847,,115.9242000579834,116.2441999912262,116.23550009727478,116.25360012054443,116.24760007858276,721.9644000530243,720.0057001113892,600.3092000484467,0.006999969482421875,1.680799961090088,0.10649991035461426,0.008699893951416016,0.31130003929138184,600.1386001110077,exp1,sdsc.edu,pilot.0000,rp.session.two.jdakka.017783.0009,unit.000060,0.004500150680541992,1.6820998191833496,,0.07139992713928223,,0.04809999465942383,0.017799854278564453,601.9935998916626,
61,119.72460007667542,118.01410007476807,117.90610003471375,117.89910006523132,117.89829993247986,116.25430011749268,720.0036001205444,720.0021998882294,,721.9649000167847,,115.92540001869202,116.2441999912262,116.23550009727478,116.25360012054443,116.24760007858276,721.9644000530243,720.004499912262,600.277599811554,0.006999969482421875,1.7105000019073486,0.10800004005432129,0.008699893951416016,0.31010007858276367,600.1450998783112,exp1,sdsc.edu,pilot.0000,rp.session.two.jdakka.017783.0009,unit.000061,0.004999876022338867,1.7116999626159668,,0.06010007858276367,,0.03949999809265137,0.020099878311157227,601.990700006485,
62,119.75209999084473,118.01570010185242,117.90610003471375,117.89910006523132,117.89829993247986,116.25430011749268,720.103600025177,720.1031000614166,,721.9649000167847,,115.92650008201599,116.2441999912262,116.23550009727478,116.25360012054443,116.24760007858276,721.9644000530243,720.1045999526978,600.3510000705719,0.006999969482421875,1.7363998889923096,0.10960006713867188,0.008699893951416016,0.30900001525878906,600.1518001556396,exp1,sdsc.edu,pilot.0000,rp.session.two.jdakka.017783.0009,unit.000062,0.0051000118255615234,1.7376000881195068,,0.07500004768371582,,0.0409998893737793,0.018199920654296875,602.0891001224518,
63,119.77850008010864,118.01740002632141,117.90610003471375,117.89910006523132,117.89829993247986,116.25430011749268,720.1050000190735,720.103600025177,,721.9649000167847,,115.92759990692139,116.2441999912262,116.23550009727478,116.25360012054443,116.24760007858276,721.9644000530243,720.1059999465942,600.3250999450684,0.006999969482421875,1.7611000537872314,0.11129999160766602,0.008699893951416016,0.30790019035339355,600.1501998901367,exp1,sdsc.edu,pilot.0000,rp.session.two.jdakka.017783.0009,unit.000063,0.0037000179290771484,1.7624001502990723,,0.07690000534057617,,0.04789996147155762,0.01620006561279297,602.088700056076,
0,69.76399993896484,69.76309990882874,69.76059985160828,69.75339984893799,69.75249981880188,68.45239996910095,669.9807999134064,669.9796998500824,,672.5449998378754,,68.04199981689453,68.44339990615845,68.43729996681213,68.45159983634949,68.44579982757568,672.5441999435425,669.9828000068665,600.2156999111176,0.007200002670288086,0.0009000301361083984,0.0025000572204589844,0.0060999393463134766,0.39530014991760254,600.1250998973846,exp3,sdsc.edu,pilot.0000,rp.session.two.jdakka.017783.0013,unit.000000,0.004400014877319336,0.0025000572204589844,,0.011300086975097656,,0.029399871826171875,0.0020999908447265625,600.2190999984741,
1,69.79409980773926,69.76459980010986,69.76059985160828,69.75339984893799,69.75249981880188,68.45239996910095,669.9846999645233,669.980899810791,,672.5449998378754,,68.04349994659424,68.44339990615845,68.43729996681213,68.45159983634949,68.44579982757568,672.5441999435425,669.9856998920441,600.1868000030518,0.007200002670288086,0.02950000762939453,0.003999948501586914,0.0060999393463134766,0.3938000202178955,600.1152000427246,exp3,sdsc.edu,pilot.0000,rp.session.two.jdakka.017783.0013,unit.000001,0.004199981689453125,0.03079986572265625,,0.010699987411499023,,0.011800050735473633,0.0019998550415039062,600.219899892807,
2,69.80639982223511,69.76619982719421,69.76059985160828,69.75339984893799,69.75249981880188,68.45239996910095,669.9832999706268,669.9801998138428,,672.5449998378754,,68.04499983787537,68.44339990615845,68.43729996681213,68.45159983634949,68.44579982757568,672.5441999435425,669.9842000007629,600.1737999916077,0.007200002670288086,0.040199995040893555,0.0055999755859375,0.0060999393463134766,0.3923001289367676,600.1236000061035,exp3,sdsc.edu,pilot.0000,rp.session.two.jdakka.017783.0013,unit.000002,0.004600048065185547,0.04149985313415527,,0.009600162506103516,,0.012799978256225586,0.002000093460083008,600.217099905014,
3,69.81929993629456,69.76779985427856,69.76059985160828,69.75339984893799,69.75249981880188,68.45239996910095,669.9860999584198,669.9814999103546,,672.5449998378754,,68.04649996757507,68.44339990615845,68.43729996681213,68.45159983634949,68.44579982757568,672.5441999435425,669.9869999885559,600.1621999740601,0.007200002670288086,0.05150008201599121,0.007200002670288086,0.0060999393463134766,0.39079999923706055,600.076000213623,exp3,sdsc.edu,pilot.0000,rp.session.two.jdakka.017783.0013,unit.000003,0.004600048065185547,0.05279994010925293,,0.011199951171875,,0.013599872589111328,0.0018999576568603516,600.2178997993469,
4,69.83189988136292,69.76929998397827,69.76059985160828,69.75339984893799,69.75249981880188,68.45239996910095,670.0828998088837,670.0823998451233,,672.5449998378754,,68.04789996147156,68.44339990615845,68.43729996681213,68.45159983634949,68.44579982757568,672.5441999435425,670.0848000049591,600.2504999637604,0.007200002670288086,0.06259989738464355,0.008700132369995117,0.0060999393463134766,0.38940000534057617,600.1236999034882,exp3,sdsc.edu,pilot.0000,rp.session.two.jdakka.017783.0013,unit.000004,0.007600069046020508,0.06380009651184082,,0.038899898529052734,,0.022500038146972656,0.013799905776977539,600.314700126648,
5,69.84710001945496,69.77090001106262,69.76059985160828,69.75339984893799,69.75249981880188,68.45239996910095,670.0869998931885,670.0832998752594,,672.5449998378754,,68.04929995536804,68.44339990615845,68.43729996681213,68.45159983634949,68.44579982757568,672.5441999435425,670.0880999565125,600.2361998558044,0.007200002670288086,0.07620000839233398,0.010300159454345703,0.0060999393463134766,0.3880000114440918,600.1225998401642,exp3,sdsc.edu,pilot.0000,rp.session.two.jdakka.017783.0013,unit.000005,0.004799842834472656,0.0775001049041748,,0.014300107955932617,,0.028100013732910156,0.002399921417236328,600.3157000541687,
6,69.86629986763,69.77239990234375,69.76059985160828,69.75339984893799,69.75249981880188,68.45239996910095,670.0852999687195,670.082799911499,,672.5449998378754,,68.05079984664917,68.44339990615845,68.43729996681213,68.45159983634949,68.44579982757568,672.5441999435425,670.0865998268127,600.216500043869,0.007200002670288086,0.09389996528625488,0.011800050735473633,0.0060999393463134766,0.38650012016296387,600.1303000450134,exp3,sdsc.edu,pilot.0000,rp.session.two.jdakka.017783.0013,unit.000006,0.005000114440917969,0.0952000617980957,,0.04349994659423828,,0.016099929809570312,0.01660013198852539,600.313000202179,
7,69.87999987602234,69.7739999294281,69.76059985160828,69.75339984893799,69.75249981880188,68.45239996910095,670.184700012207,670.1841998100281,,672.5449998378754,,68.05209994316101,68.44339990615845,68.43729996681213,68.45159983634949,68.44579982757568,672.5441999435425,670.1875,600.3041999340057,0.007200002670288086,0.10599994659423828,0.013400077819824219,0.0060999393463134766,0.38520002365112305,600.1314001083374,exp3,sdsc.edu,pilot.0000,rp.session.two.jdakka.017783.0013,unit.000007,0.005199909210205078,0.1073000431060791,,0.04739999771118164,,0.026600122451782227,0.020999908447265625,600.4119000434875,
8,69.89419984817505,69.77559995651245,69.76059985160828,69.75339984893799,69.75249981880188,68.45239996910095,670.1910998821259,670.1854999065399,,672.5449998378754,,68.05359983444214,68.44339990615845,68.43729996681213,68.45159983634949,68.44579982757568,672.5441999435425,670.1922998428345,600.2913000583649,0.007200002670288086,0.11859989166259766,0.015000104904174805,0.0060999393463134766,0.3837001323699951,600.1149001121521,exp3,sdsc.edu,pilot.0000,rp.session.two.jdakka.017783.0013,unit.000008,0.004600048065185547,0.11989998817443848,,0.038500070571899414,,0.029799938201904297,0.0020999908447265625,600.4140000343323,
9,69.90759992599487,69.7771999835968,69.76059985160828,69.75339984893799,69.75249981880188,68.45239996910095,670.1878998279572,670.1845998764038,,672.5449998378754,,68.05479979515076,68.44339990615845,68.43729996681213,68.45159983634949,68.44579982757568,672.5441999435425,670.1888999938965,600.2769999504089,0.007200002670288086,0.1303999423980713,0.01660013198852539,0.0060999393463134766,0.38250017166137695,600.122200012207,exp3,sdsc.edu,pilot.0000,rp.session.two.jdakka.017783.0013,unit.000009,0.007899999618530273,0.1317000389099121,,0.060700178146362305,,0.023799896240234375,0.010100126266479492,600.4098999500275,
10,69.92389988899231,69.77880001068115,69.76059985160828,69.75339984893799,69.75249981880188,68.45239996910095,670.1926999092102,670.1859998703003,,672.5449998378754,,68.05619978904724,68.44339990615845,68.43729996681213,68.45159983634949,68.44579982757568,672.5441999435425,670.193699836731,600.262099981308,0.007200002670288086,0.14509987831115723,0.018200159072875977,0.0060999393463134766,0.3811001777648926,600.1217999458313,exp3,sdsc.edu,pilot.0000,rp.session.two.jdakka.017783.0013,unit.000010,0.012599945068359375,0.14639997482299805,,0.05240011215209961,,0.041300058364868164,0.012599945068359375,600.4119999408722,
11,69.95559978485107,69.78049993515015,69.76059985160828,69.75339984893799,69.75249981880188,68.45239996910095,670.1892998218536,670.1849999427795,,672.5449998378754,,68.0576000213623,68.44339990615845,68.43729996681213,68.45159983634949,68.44579982757568,672.5441999435425,670.1905999183655,600.2294001579285,0.007200002670288086,0.17509984970092773,0.019900083541870117,0.0060999393463134766,0.3796999454498291,600.1248998641968,exp3,sdsc.edu,pilot.0000,rp.session.two.jdakka.017783.0013,unit.000011,0.004900217056274414,0.1764998435974121,,0.04910016059875488,,0.04499983787536621,0.008500099182128906,600.4079999923706,
12,69.98129987716675,69.7820999622345,69.76059985160828,69.75339984893799,69.75249981880188,68.45239996910095,670.2874000072479,670.286899805069,,672.5449998378754,,68.05889987945557,68.44339990615845,68.43729996681213,68.45159983634949,68.44579982757568,672.5441999435425,670.2897999286652,600.3055999279022,0.007200002670288086,0.19919991493225098,0.021500110626220703,0.0060999393463134766,0.3784000873565674,600.1161999702454,exp3,sdsc.edu,pilot.0000,rp.session.two.jdakka.017783.0013,unit.000012,0.00690007209777832,0.20059990882873535,,0.05669999122619629,,0.03859996795654297,0.0051000118255615234,600.5065999031067,
13,70.01249980926514,69.78369998931885,69.76059985160828,69.75339984893799,69.75249981880188,68.45239996910095,670.2930998802185,670.2881999015808,,672.5449998378754,,68.06040000915527,68.44339990615845,68.43729996681213,68.45159983634949,68.44579982757568,672.5441999435425,670.2939999103546,600.2757000923157,0.007200002670288086,0.22879981994628906,0.02310013771057129,0.0060999393463134766,0.37689995765686035,600.1222999095917,exp3,sdsc.edu,pilot.0000,rp.session.two.jdakka.017783.0013,unit.000013,0.004500150680541992,0.23009991645812988,,0.0327000617980957,,0.0167999267578125,0.0033998489379882812,600.5085999965668,
14,70.02579998970032,69.7853000164032,69.76059985160828,69.75339984893799,69.75249981880188,68.45239996910095,670.2902998924255,670.2872998714447,,672.5449998378754,,68.06169986724854,68.44339990615845,68.43729996681213,68.45159983634949,68.44579982757568,672.5441999435425,670.2912998199463,600.2614998817444,0.007200002670288086,0.24049997329711914,0.024700164794921875,0.0060999393463134766,0.37560009956359863,600.093199968338,exp3,sdsc.edu,pilot.0000,rp.session.two.jdakka.017783.0013,unit.000014,0.004999876022338867,0.24180006980895996,,0.06690001487731934,,0.033499956130981445,0.021600008010864258,600.504499912262,
15,70.05099987983704,69.78689980506897,69.76059985160828,69.75339984893799,69.75249981880188,68.45239996910095,670.294499874115,670.2886998653412,,672.5449998378754,,68.06289982795715,68.44339990615845,68.43729996681213,68.45159983634949,68.44579982757568,672.5441999435425,670.2954998016357,600.2376999855042,0.007200002670288086,0.2641000747680664,0.02629995346069336,0.0060999393463134766,0.37440013885498047,600.1437997817993,exp3,sdsc.edu,pilot.0000,rp.session.two.jdakka.017783.0013,unit.000015,0.006799936294555664,0.2653999328613281,,0.05410003662109375,,0.026800155639648438,0.017800092697143555,600.5065999031067,
16,70.07129979133606,69.78849983215332,69.76059985160828,69.75339984893799,69.75249981880188,68.45239996910095,670.2917997837067,670.2876999378204,,672.5449998378754,,68.06439995765686,68.44339990615845,68.43729996681213,68.45159983634949,68.44579982757568,672.5441999435425,670.2926998138428,600.2164001464844,0.007200002670288086,0.28279995918273926,0.027899980545043945,0.0060999393463134766,0.37290000915527344,600.1056001186371,exp3,sdsc.edu,pilot.0000,rp.session.two.jdakka.017783.0013,unit.000016,0.005900144577026367,0.284099817276001,,0.06489992141723633,,0.028599977493286133,0.018599987030029297,600.5025999546051,
17,70.1020998954773,69.7901999950409,69.76059985160828,69.75339984893799,69.75249981880188,68.45239996910095,670.389899969101,670.3894000053406,,672.5449998378754,,68.06589984893799,68.44339990615845,68.43729996681213,68.45159983634949,68.44579982757568,672.5441999435425,670.3912999629974,600.2873001098633,0.007200002670288086,0.31189990043640137,0.029600143432617188,0.0060999393463134766,0.3714001178741455,600.100800037384,exp3,sdsc.edu,pilot.0000,rp.session.two.jdakka.017783.0013,unit.000017,0.004400014877319336,0.31329989433288574,,0.08489990234375,,0.02670001983642578,0.02090001106262207,600.6010999679565,
18,70.12649989128113,69.79169988632202,69.76059985160828,69.75339984893799,69.75249981880188,68.45239996910095,670.3930997848511,670.3902997970581,,672.5449998378754,,68.06719994544983,68.44339990615845,68.43729996681213,68.45159983634949,68.44579982757568,672.5441999435425,670.3939998149872,600.263799905777,0.007200002670288086,0.33480000495910645,0.031100034713745117,0.0060999393463134766,0.3701000213623047,600.1150000095367,exp3,sdsc.edu,pilot.0000,rp.session.two.jdakka.017783.0013,unit.000018,0.004800081253051758,0.33610010147094727,,0.041899919509887695,,0.030699968338012695,0.01959991455078125,600.601900100708,
19,70.15849995613098,69.79320001602173,69.76059985160828,69.75339984893799,69.75249981880188,68.45239996910095,670.3916997909546,670.3897998332977,,672.5449998378754,,68.06849980354309,68.44339990615845,68.43729996681213,68.45159983634949,68.44579982757568,672.5441999435425,670.3926999568939,600.2312998771667,0.007200002670288086,0.36529994010925293,0.03260016441345215,0.0060999393463134766,0.36880016326904297,600.123300075531,exp3,sdsc.edu,pilot.0000,rp.session.two.jdakka.017783.0013,unit.000019,0.004600048065185547,0.3665001392364502,,0.05340003967285156,,0.02989983558654785,0.005399942398071289,600.599100112915,
20,70.17159986495972,69.7947998046875,69.76059985160828,69.75339984893799,69.75249981880188,68.45239996910095,670.4916999340057,670.4911999702454,,672.5449998378754,,68.0699999332428,68.44339990615845,68.43729996681213,68.45159983634949,68.44579982757568,672.5441999435425,670.4926998615265,600.3196001052856,0.007200002670288086,0.3768000602722168,0.03419995307922363,0.0060999393463134766,0.36730003356933594,600.1588001251221,exp3,sdsc.edu,pilot.0000,rp.session.two.jdakka.017783.0013,unit.000020,0.006000041961669922,0.3780999183654785,,0.06869983673095703,,0.041500091552734375,0.01959991455078125,600.6980998516083,
21,70.1943998336792,69.79639983177185,69.76059985160828,69.75339984893799,69.75249981880188,68.45239996910095,670.4944999217987,670.4921000003815,,672.5449998378754,,68.07129979133606,68.44339990615845,68.43729996681213,68.45159983634949,68.44579982757568,672.5441999435425,670.4953999519348,600.2977001667023,0.007200002670288086,0.39800000190734863,0.03579998016357422,0.0060999393463134766,0.3660001754760742,600.1269998550415,exp3,sdsc.edu,pilot.0000,rp.session.two.jdakka.017783.0013,unit.000021,0.004000186920166016,0.39929986000061035,,0.04220008850097656,,0.03849983215332031,0.0025000572204589844,600.6989998817444,
22,70.21039986610413,69.79809999465942,69.76059985160828,69.75339984893799,69.75249981880188,68.45239996910095,670.4930999279022,670.4915997982025,,672.5449998378754,,68.0725998878479,68.44339990615845,68.43729996681213,68.45159983634949,68.44579982757568,672.5441999435425,670.494099855423,600.2811999320984,0.007200002670288086,0.41229987144470215,0.03750014305114746,0.0060999393463134766,0.3647000789642334,600.1538000106812,exp3,sdsc.edu,pilot.0000,rp.session.two.jdakka.017783.0013,unit.000022,0.011700153350830078,0.41359996795654297,,0.073699951171875,,0.033699989318847656,0.014600038528442383,600.6960999965668,
23,70.23129987716675,69.79970002174377,69.76059985160828,69.75339984893799,69.75249981880188,68.45239996910095,670.4958999156952,670.4925999641418,,672.5449998378754,,68.07389998435974,68.44339990615845,68.43729996681213,68.45159983634949,68.44579982757568,672.5441999435425,670.4968998432159,600.2613000869751,0.007200002670288086,0.43159985542297363,0.03910017013549805,0.0060999393463134766,0.3633999824523926,600.1383998394012,exp3,sdsc.edu,pilot.0000,rp.session.two.jdakka.017783.0013,unit.000023,0.010699987411499023,0.43289995193481445,,0.04900002479553223,,0.02590012550354004,0.003400087356567383,600.6970000267029,
24,70.25300002098083,69.80129981040955,69.76059985160828,69.75339984893799,69.75249981880188,68.45239996910095,670.593799829483,670.5932998657227,,672.5449998378754,,68.07509994506836,68.44339990615845,68.43729996681213,68.45159983634949,68.44579982757568,672.5441999435425,670.5947999954224,600.3402998447418,0.007200002670288086,0.45170021057128906,0.04069995880126953,0.0060999393463134766,0.3622000217437744,600.1429998874664,exp3,sdsc.edu,pilot.0000,rp.session.two.jdakka.017783.0013,unit.000024,0.016699790954589844,0.4530000686645508,,0.07220005989074707,,0.014800071716308594,0.01789999008178711,600.7936999797821,
25,70.27989983558655,69.80309987068176,69.76059985160828,69.75339984893799,69.75249981880188,68.45239996910095,670.5964999198914,670.5941998958588,,672.5449998378754,,68.07649993896484,68.44339990615845,68.43729996681213,68.45159983634949,68.44579982757568,672.5441999435425,670.5972998142242,600.3143000602722,0.007200002670288086,0.47679996490478516,0.04250001907348633,0.0060999393463134766,0.36080002784729004,600.1467998027802,exp3,sdsc.edu,pilot.0000,rp.session.two.jdakka.017783.0013,unit.000025,0.004800081253051758,0.47819995880126953,,0.09080004692077637,,0.02670001983642578,0.028699874877929688,600.7943999767303,
26,70.29409980773926,69.80469989776611,69.76059985160828,69.75339984893799,69.75249981880188,68.45239996910095,670.5951998233795,670.5936999320984,,672.5449998378754,,68.07769989967346,68.44339990615845,68.43729996681213,68.45159983634949,68.44579982757568,672.5441999435425,670.595999956131,600.2996001243591,0.007200002670288086,0.48939990997314453,0.044100046157836914,0.0060999393463134766,0.3596000671386719,600.1438999176025,exp3,sdsc.edu,pilot.0000,rp.session.two.jdakka.017783.0013,unit.000026,0.014200210571289062,0.49070000648498535,,0.05259990692138672,,0.025799989700317383,0.011199951171875,600.7915000915527,
27,70.32609987258911,69.80629992485046,69.76059985160828,69.75339984893799,69.75249981880188,68.45239996910095,670.5978000164032,670.5946998596191,,672.5449998378754,,68.07909989356995,68.44339990615845,68.43729996681213,68.45159983634949,68.44579982757568,672.5441999435425,670.5985999107361,600.26859998703,0.007200002670288086,0.5197999477386475,0.0457000732421875,0.0060999393463134766,0.3582000732421875,600.1177000999451,exp3,sdsc.edu,pilot.0000,rp.session.two.jdakka.017783.0013,unit.000027,0.005800008773803711,0.5211000442504883,,0.08459997177124023,,0.044100046157836914,0.019100189208984375,600.7922999858856,
28,70.35139989852905,69.80809998512268,69.76059985160828,69.75339984893799,69.75249981880188,68.45239996910095,670.6958999633789,670.6953999996185,,672.5449998378754,,68.08039999008179,68.44339990615845,68.43729996681213,68.45159983634949,68.44579982757568,672.5441999435425,670.696799993515,600.3440001010895,0.007200002670288086,0.5432999134063721,0.0475001335144043,0.0060999393463134766,0.3568999767303467,600.1431000232697,exp3,sdsc.edu,pilot.0000,rp.session.two.jdakka.017783.0013,unit.000028,0.00839996337890625,0.5448000431060791,,0.07060003280639648,,0.04180002212524414,0.015500068664550781,600.8891999721527,
29,70.37649989128113,69.80989980697632,69.76059985160828,69.75339984893799,69.75249981880188,68.45239996910095,670.6985998153687,670.6961998939514,,672.5449998378754,,68.08189988136292,68.44339990615845,68.43729996681213,68.45159983634949,68.44579982757568,672.5441999435425,670.699599981308,600.3197000026703,0.007200002670288086,0.5666000843048096,0.04929995536804199,0.0060999393463134766,0.35540008544921875,600.1529998779297,exp3,sdsc.edu,pilot.0000,rp.session.two.jdakka.017783.0013,unit.000029,0.011600017547607422,0.5680999755859375,,0.07520008087158203,,0.05949997901916504,0.01900005340576172,600.8898000717163,
30,70.4154999256134,69.81169986724854,69.76059985160828,69.75339984893799,69.75249981880188,68.45239996910095,670.6972999572754,670.6957998275757,,672.5449998378754,,68.08349990844727,68.44339990615845,68.43729996681213,68.45159983634949,68.44579982757568,672.5441999435425,670.6981999874115,600.2802999019623,0.007200002670288086,0.6038000583648682,0.05110001564025879,0.0060999393463134766,0.35380005836486816,600.1229000091553,exp3,sdsc.edu,pilot.0000,rp.session.two.jdakka.017783.0013,unit.000030,0.008300065994262695,0.6052999496459961,,0.08550000190734863,,0.0382997989654541,0.013200044631958008,600.8867998123169,
31,70.44969987869263,69.81329989433289,69.76059985160828,69.75339984893799,69.75249981880188,68.45239996910095,670.7973999977112,670.7968997955322,,672.5449998378754,,68.08489990234375,68.44339990615845,68.43729996681213,68.45159983634949,68.44579982757568,672.5441999435425,670.7984998226166,600.3471999168396,0.007200002670288086,0.6363999843597412,0.052700042724609375,0.0060999393463134766,0.3524000644683838,600.1461000442505,exp3,sdsc.edu,pilot.0000,rp.session.two.jdakka.017783.0013,unit.000031,0.0046999454498291016,0.637700080871582,,0.06310009956359863,,0.04809999465942383,0.015599966049194336,600.9853000640869,
32,70.47549986839294,69.8150999546051,69.76059985160828,69.75339984893799,69.75249981880188,68.45239996910095,670.8002998828888,670.7977998256683,,672.5449998378754,,68.08619999885559,68.44339990615845,68.43729996681213,68.45159983634949,68.44579982757568,672.5441999435425,670.8012998104095,600.3222999572754,0.007200002670288086,0.6603999137878418,0.05450010299682617,0.0060999393463134766,0.35109996795654297,600.1375999450684,exp3,sdsc.edu,pilot.0000,rp.session.two.jdakka.017783.0013,unit.000032,0.010600090026855469,0.6619000434875488,,0.07509994506835938,,0.04340004920959473,0.018599987030029297,600.986200094223,
33,70.50969982147217,69.8167998790741,69.76059985160828,69.75339984893799,69.75249981880188,68.45239996910095,670.7988998889923,670.797299861908,,672.5449998378754,,68.08749985694885,68.44339990615845,68.43729996681213,68.45159983634949,68.44579982757568,672.5441999435425,670.7998998165131,600.2876000404358,0.007200002670288086,0.6928999423980713,0.05620002746582031,0.0060999393463134766,0.34980010986328125,600.1452000141144,exp3,sdsc.edu,pilot.0000,rp.session.two.jdakka.017783.0013,unit.000033,0.0037000179290771484,0.6942999362945557,,0.07529997825622559,,0.03620004653930664,0.013300180435180664,600.983099937439,
34,70.53559994697571,69.81839990615845,69.76059985160828,69.75339984893799,69.75249981880188,68.45239996910095,670.8018000125885,670.7983999252319,,672.5449998378754,,68.0887999534607,68.44339990615845,68.43729996681213,68.45159983634949,68.44579982757568,672.5441999435425,670.802699804306,600.2627999782562,0.007200002670288086,0.7172000408172607,0.0578000545501709,0.0060999393463134766,0.34850001335144043,600.1351001262665,exp3,sdsc.edu,pilot.0000,rp.session.two.jdakka.017783.0013,unit.000034,0.003799915313720703,0.7185001373291016,,0.07119989395141602,,0.048200130462646484,0.019900083541870117,600.9838001728058,
35,70.56379985809326,69.82009983062744,69.76059985160828,69.75339984893799,69.75249981880188,68.45239996910095,670.8995997905731,670.8990998268127,,672.5449998378754,,68.09029984474182,68.44339990615845,68.43729996681213,68.45159983634949,68.44579982757568,672.5441999435425,670.900899887085,600.3352999687195,0.007200002670288086,0.7437000274658203,0.05949997901916504,0.0060999393463134766,0.3470001220703125,600.1253998279572,exp3,sdsc.edu,pilot.0000,rp.session.two.jdakka.017783.0013,unit.000035,0.006999969482421875,0.744999885559082,,0.08230018615722656,,0.045799970626831055,0.019700050354003906,601.0806999206543,
36,70.59559988975525,69.82189989089966,69.76059985160828,69.75339984893799,69.75249981880188,68.45239996910095,670.9027998447418,670.8999998569489,,672.5449998378754,,68.09159994125366,68.44339990615845,68.43729996681213,68.45159983634949,68.44579982757568,672.5441999435425,670.9038000106812,600.3043999671936,0.007200002670288086,0.7736999988555908,0.061300039291381836,0.0060999393463134766,0.3457000255584717,600.1520001888275,exp3,sdsc.edu,pilot.0000,rp.session.two.jdakka.017783.0013,unit.000036,0.011800050735473633,0.7750999927520752,,0.0756998062133789,,0.051300048828125,0.020599842071533203,601.0815000534058,
37,70.6356999874115,69.82369995117188,69.76059985160828,69.75339984893799,69.75249981880188,68.45239996910095,670.9013998508453,670.8994998931885,,672.5449998378754,,68.09299993515015,68.44339990615845,68.43729996681213,68.45159983634949,68.44579982757568,672.5441999435425,670.9024000167847,600.263799905777,0.007200002670288086,0.812000036239624,0.06310009956359863,0.0060999393463134766,0.3443000316619873,600.1507000923157,exp3,sdsc.edu,pilot.0000,rp.session.two.jdakka.017783.0013,unit.000037,0.004400014877319336,0.8134000301361084,,0.06419992446899414,,0.03839993476867676,0.012400150299072266,601.0783998966217,
38,70.65999984741211,69.82539987564087,69.76059985160828,69.75339984893799,69.75249981880188,68.45239996910095,671.0010998249054,671.000599861145,,672.5449998378754,,68.09439992904663,68.44339990615845,68.43729996681213,68.45159983634949,68.44579982757568,672.5441999435425,671.0020999908447,600.3406000137329,0.007200002670288086,0.8345999717712402,0.06480002403259277,0.0060999393463134766,0.34290003776550293,600.1452000141144,exp3,sdsc.edu,pilot.0000,rp.session.two.jdakka.017783.0013,unit.000038,0.004199981689453125,0.8359999656677246,,0.07899999618530273,,0.05200004577636719,0.010499954223632812,601.177099943161,
39,70.68769979476929,69.82709980010986,69.76059985160828,69.75339984893799,69.75249981880188,68.45239996910095,671.0024998188019,671.0010998249054,,672.5449998378754,,68.09609985351562,68.44339990615845,68.43729996681213,68.45159983634949,68.44579982757568,672.5441999435425,671.0035998821259,600.3134000301361,0.007200002670288086,0.8605999946594238,0.06649994850158691,0.0060999393463134766,0.3412001132965088,600.141900062561,exp3,sdsc.edu,pilot.0000,rp.session.two.jdakka.017783.0013,unit.000039,0.013900041580200195,0.8618998527526855,,0.0671999454498291,,0.04530000686645508,0.019900083541870117,601.1764998435974,
40,70.72729992866516,69.82909989356995,69.76059985160828,69.75339984893799,69.75249981880188,68.45239996910095,671.1022999286652,671.1017999649048,,672.5449998378754,,68.09739995002747,68.44339990615845,68.43729996681213,68.45159983634949,68.44579982757568,672.5441999435425,671.1040999889374,600.3745000362396,0.007200002670288086,0.8982000350952148,0.06850004196166992,0.0060999393463134766,0.33990001678466797,600.1487998962402,exp3,sdsc.edu,pilot.0000,rp.session.two.jdakka.017783.0013,unit.000040,0.015500068664550781,0.8996999263763428,,0.08719992637634277,,0.05180001258850098,0.020400047302246094,601.2745997905731,
41,70.76429986953735,69.83119988441467,69.76059985160828,69.75339984893799,69.75249981880188,68.45239996910095,671.105899810791,671.1025998592377,,672.5449998378754,,68.09869980812073,68.44339990615845,68.43729996681213,68.45159983634949,68.44579982757568,672.5441999435425,671.106999874115,600.3382999897003,0.007200002670288086,0.9330999851226807,0.07060003280639648,0.0060999393463134766,0.33860015869140625,600.139899969101,exp3,sdsc.edu,pilot.0000,rp.session.two.jdakka.017783.0013,unit.000041,0.012099981307983398,0.9349000453948975,,0.07500004768371582,,0.05209994316101074,0.0232999324798584,601.2752001285553,
42,70.80390000343323,69.833899974823,69.76059985160828,69.75339984893799,69.75249981880188,68.45239996910095,671.1044998168945,671.1021997928619,,672.5449998378754,,68.10009980201721,68.44339990615845,68.43729996681213,68.45159983634949,68.44579982757568,672.5441999435425,671.1054999828339,600.2982997894287,0.007200002670288086,0.9700000286102295,0.07330012321472168,0.0060999393463134766,0.3372001647949219,600.1432998180389,exp3,sdsc.edu,pilot.0000,rp.session.two.jdakka.017783.0013,unit.000042,0.011799812316894531,0.9720001220703125,,0.057000160217285156,,0.03880000114440918,0.015199899673461914,601.271399974823,
43,70.83579993247986,69.83679986000061,69.76059985160828,69.75339984893799,69.75249981880188,68.45239996910095,671.1073999404907,671.103099822998,,672.5449998378754,,68.10130000114441,68.44339990615845,68.43729996681213,68.45159983634949,68.44579982757568,672.5441999435425,671.1082999706268,600.2672998905182,0.007200002670288086,0.999000072479248,0.07620000839233398,0.0060999393463134766,0.3359999656677246,600.1470000743866,exp3,sdsc.edu,pilot.0000,rp.session.two.jdakka.017783.0013,unit.000043,0.004999876022338867,1.0009000301361084,,0.06800007820129395,,0.04200005531311035,0.018800020217895508,601.2709000110626,
44,70.86649990081787,69.83859992027283,69.76059985160828,69.75339984893799,69.75249981880188,68.45239996910095,671.2042999267578,671.2037999629974,,672.5449998378754,,68.10259985923767,68.44339990615845,68.43729996681213,68.45159983634949,68.44579982757568,672.5441999435425,671.2056999206543,600.3373000621796,0.007200002670288086,1.027899980545044,0.07800006866455078,0.0060999393463134766,0.3347001075744629,600.1515998840332,exp3,sdsc.edu,pilot.0000,rp.session.two.jdakka.017783.0013,unit.000044,0.005899906158447266,1.029400110244751,,0.07920002937316895,,0.038700103759765625,0.024399995803833008,601.3671000003815,
45,70.89679980278015,69.84029984474182,69.76059985160828,69.75339984893799,69.75249981880188,68.45239996910095,671.2074999809265,671.2045998573303,,672.5449998378754,,68.10389995574951,68.44339990615845,68.43729996681213,68.45159983634949,68.44579982757568,672.5441999435425,671.2084999084473,600.3078000545502,0.007200002670288086,1.05649995803833,0.07969999313354492,0.0060999393463134766,0.33340001106262207,600.1324000358582,exp3,sdsc.edu,pilot.0000,rp.session.two.jdakka.017783.0013,unit.000045,0.004600048065185547,1.0577998161315918,,0.10570001602172852,,0.042099952697753906,0.01940011978149414,601.3676998615265,
46,70.9229998588562,69.8420000076294,69.76059985160828,69.75339984893799,69.75249981880188,68.45239996910095,671.20609998703,671.2041997909546,,672.5449998378754,,68.105299949646,68.44339990615845,68.43729996681213,68.45159983634949,68.44579982757568,672.5441999435425,671.2070000171661,600.2811999320984,0.007200002670288086,1.0809998512268066,0.08140015602111816,0.0060999393463134766,0.3320000171661377,600.1190001964569,exp3,sdsc.edu,pilot.0000,rp.session.two.jdakka.017783.0013,unit.000046,0.00520014762878418,1.082399845123291,,0.08119988441467285,,0.039099931716918945,0.020100116729736328,601.3647999763489,
47,70.95199990272522,69.84379982948303,69.76059985160828,69.75339984893799,69.75249981880188,68.45239996910095,671.3056998252869,671.3051998615265,,672.5449998378754,,68.10649991035461,68.44339990615845,68.43729996681213,68.45159983634949,68.44579982757568,672.5441999435425,671.3070998191833,600.3531999588013,0.007200002670288086,1.1082000732421875,0.08319997787475586,0.0060999393463134766,0.33080005645751953,600.145299911499,exp3,sdsc.edu,pilot.0000,rp.session.two.jdakka.017783.0013,unit.000047,0.004499912261962891,1.1096000671386719,,0.07340002059936523,,0.052900075912475586,0.01939988136291504,601.4632000923157,
48,70.9811999797821,69.84539985656738,69.76059985160828,69.75339984893799,69.75249981880188,68.45239996910095,671.3090000152588,671.305999994278,,672.5449998378754,,68.1078999042511,68.44339990615845,68.43729996681213,68.45159983634949,68.44579982757568,672.5441999435425,671.3099999427795,600.3248000144958,0.007200002670288086,1.1358001232147217,0.08480000495910645,0.0060999393463134766,0.32940006256103516,600.1356000900269,exp3,sdsc.edu,pilot.0000,rp.session.two.jdakka.017783.0013,unit.000048,0.013299942016601562,1.1370999813079834,,0.0680999755859375,,0.053999900817871094,0.017099857330322266,601.4639999866486,
49,71.02020001411438,69.84710001945496,69.76059985160828,69.75339984893799,69.75249981880188,68.45239996910095,671.3074998855591,671.3055999279022,,672.5449998378754,,68.10909986495972,68.44339990615845,68.43729996681213,68.45159983634949,68.44579982757568,672.5441999435425,671.3084998130798,600.2853999137878,0.007200002670288086,1.1730999946594238,0.08650016784667969,0.0060999393463134766,0.328200101852417,600.1209001541138,exp3,sdsc.edu,pilot.0000,rp.session.two.jdakka.017783.0013,unit.000049,0.012799978256225586,1.1744000911712646,,0.08459997177124023,,0.04679989814758301,0.02369999885559082,601.4610998630524,
50,71.05809998512268,69.8488998413086,69.76059985160828,69.75339984893799,69.75249981880188,68.45239996910095,671.4071998596191,671.4066998958588,,672.5449998378754,,68.11059999465942,68.44339990615845,68.43729996681213,68.45159983634949,68.44579982757568,672.5441999435425,671.4085998535156,600.3485999107361,0.007200002670288086,1.209200143814087,0.08829998970031738,0.0060999393463134766,0.32669997215270996,600.1229999065399,exp3,sdsc.edu,pilot.0000,rp.session.two.jdakka.017783.0013,unit.000050,0.013000011444091797,1.2106001377105713,,0.08410000801086426,,0.04649996757507324,0.01789999008178711,601.5596001148224,
51,71.096599817276,69.85069990158081,69.76059985160828,69.75339984893799,69.75249981880188,68.45239996910095,671.4103000164032,671.4074997901917,,672.5449998378754,,68.11169981956482,68.44339990615845,68.43729996681213,68.45159983634949,68.44579982757568,672.5441999435425,671.4113998413086,600.3108999729156,0.007200002670288086,1.2458999156951904,0.09010004997253418,0.0060999393463134766,0.32560014724731445,600.1482000350952,exp3,sdsc.edu,pilot.0000,rp.session.two.jdakka.017783.0013,unit.000051,0.004400014877319336,1.2473998069763184,,0.07520008087158203,,0.04340004920959473,0.019500017166137695,601.5604000091553,
52,71.12419986724854,69.8523998260498,69.76059985160828,69.75339984893799,69.75249981880188,68.45239996910095,671.4089999198914,671.4070999622345,,672.5449998378754,,68.11259984970093,68.44339990615845,68.43729996681213,68.45159983634949,68.44579982757568,672.5441999435425,671.4098999500275,600.282900094986,0.007200002670288086,1.2718000411987305,0.09179997444152832,0.0060999393463134766,0.32470011711120605,600.1383001804352,exp3,sdsc.edu,pilot.0000,rp.session.two.jdakka.017783.0013,unit.000052,0.005300045013427734,1.2730998992919922,,0.0727999210357666,,0.05789995193481445,0.020799875259399414,601.5571999549866,
53,71.15229988098145,69.85439991950989,69.76059985160828,69.75339984893799,69.75249981880188,68.45239996910095,671.5085999965668,671.5080997943878,,672.5449998378754,,68.11339998245239,68.44339990615845,68.43729996681213,68.45159983634949,68.44579982757568,672.5441999435425,671.5102999210358,600.3557999134064,0.007200002670288086,1.2978999614715576,0.09380006790161133,0.0060999393463134766,0.3238999843597412,600.1589999198914,exp3,sdsc.edu,pilot.0000,rp.session.two.jdakka.017783.0013,unit.000053,0.015000104904174805,1.2994999885559082,,0.07999992370605469,,0.05229997634887695,0.019300222396850586,601.655699968338,
54,71.19190001487732,69.85609984397888,69.76059985160828,69.75339984893799,69.75249981880188,68.45239996910095,671.5123999118805,671.5088999271393,,672.5449998378754,,68.11419987678528,68.44339990615845,68.43729996681213,68.45159983634949,68.44579982757568,672.5441999435425,671.5132999420166,600.316999912262,0.007200002670288086,1.3358001708984375,0.09549999237060547,0.0060999393463134766,0.32310009002685547,600.1446001529694,exp3,sdsc.edu,pilot.0000,rp.session.two.jdakka.017783.0013,unit.000054,0.012299776077270508,1.3371000289916992,,0.08990001678466797,,0.055299997329711914,0.013700008392333984,601.6561999320984,
55,71.22909998893738,69.85769987106323,69.76059985160828,69.75339984893799,69.75249981880188,68.45239996910095,671.5107998847961,671.5084998607635,,672.5449998378754,,68.11509990692139,68.44339990615845,68.43729996681213,68.45159983634949,68.44579982757568,672.5441999435425,671.5119998455048,600.2793998718262,0.007200002670288086,1.3714001178741455,0.09710001945495605,0.0060999393463134766,0.32220005989074707,600.1412999629974,exp3,sdsc.edu,pilot.0000,rp.session.two.jdakka.017783.0013,unit.000055,0.01230001449584961,1.3726000785827637,,0.06970000267028809,,0.037400007247924805,0.016299962997436523,601.6531999111176,
56,71.26219987869263,69.85939979553223,69.76059985160828,69.75339984893799,69.75249981880188,68.45239996910095,671.513799905777,671.509299993515,,672.5449998378754,,68.11589980125427,68.44339990615845,68.43729996681213,68.45159983634949,68.44579982757568,672.5441999435425,671.5146999359131,600.2471001148224,0.007200002670288086,1.4028000831604004,0.0987999439239502,0.0060999393463134766,0.32140016555786133,600.1178998947144,exp3,sdsc.edu,pilot.0000,rp.session.two.jdakka.017783.0013,unit.000056,0.005899906158447266,1.4040000438690186,,0.06999993324279785,,0.046500205993652344,0.017299890518188477,601.654000043869,
57,71.28759980201721,69.8610999584198,69.76059985160828,69.75339984893799,69.75249981880188,68.45239996910095,671.6102998256683,671.6098999977112,,672.5449998378754,,68.11679983139038,68.44339990615845,68.43729996681213,68.45159983634949,68.44579982757568,672.5441999435425,671.6126999855042,600.322300195694,0.007200002670288086,1.426499843597412,0.10050010681152344,0.0060999393463134766,0.32050013542175293,600.1077001094818,exp3,sdsc.edu,pilot.0000,rp.session.two.jdakka.017783.0013,unit.000057,0.014600038528442383,1.427799940109253,,0.06939983367919922,,0.04630017280578613,0.02070021629333496,601.7504999637604,
58,71.32699990272522,69.8627998828888,69.76059985160828,69.75339984893799,69.75249981880188,68.45239996910095,671.6143000125885,671.6106998920441,,672.5449998378754,,68.11759996414185,68.44339990615845,68.43729996681213,68.45159983634949,68.44579982757568,672.5441999435425,671.6153998374939,600.2836999893188,0.007200002670288086,1.4642000198364258,0.10220003128051758,0.0060999393463134766,0.3197000026702881,600.1333000659943,exp3,sdsc.edu,pilot.0000,rp.session.two.jdakka.017783.0013,unit.000058,0.005199909210205078,1.4656000137329102,,0.08899998664855957,,0.0354001522064209,0.016299962997436523,601.7513999938965,
59,71.3514997959137,69.86449980735779,69.76059985160828,69.75339984893799,69.75249981880188,68.45239996910095,671.6130998134613,671.6102998256683,,672.5449998378754,,68.11839985847473,68.44339990615845,68.43729996681213,68.45159983634949,68.44579982757568,672.5441999435425,671.6138999462128,600.2588000297546,0.007200002670288086,1.4869999885559082,0.10389995574951172,0.0060999393463134766,0.31890010833740234,600.1243000030518,exp3,sdsc.edu,pilot.0000,rp.session.two.jdakka.017783.0013,unit.000059,0.005400180816650391,1.48829984664917,,0.05929994583129883,,0.04229998588562012,0.012399911880493164,601.7482998371124,
60,71.3824999332428,69.86719989776611,69.76059985160828,69.75339984893799,69.75249981880188,68.45239996910095,671.7117998600006,671.7112998962402,,672.5449998378754,,68.11929988861084,68.44339990615845,68.43729996681213,68.45159983634949,68.44579982757568,672.5441999435425,671.7127997875214,600.3287999629974,0.007200002670288086,1.5153000354766846,0.10660004615783691,0.0060999393463134766,0.31800007820129395,600.1341998577118,exp3,sdsc.edu,pilot.0000,rp.session.two.jdakka.017783.0013,unit.000060,0.006000041961669922,1.5176000595092773,,0.07669997215270996,,0.03880000114440918,0.018700122833251953,601.8468000888824,
61,71.4139997959137,69.86889982223511,69.76059985160828,69.75339984893799,69.75249981880188,68.45239996910095,671.7132999897003,671.711699962616,,672.5449998378754,,68.1201000213623,68.44339990615845,68.43729996681213,68.45159983634949,68.44579982757568,672.5441999435425,671.7142000198364,600.2977001667023,0.007200002670288086,1.5450999736785889,0.10829997062683105,0.0060999393463134766,0.3171999454498291,600.1431999206543,exp3,sdsc.edu,pilot.0000,rp.session.two.jdakka.017783.0013,unit.000061,0.004400014877319336,1.5463998317718506,,0.08680009841918945,,0.05710005760192871,0.01620006561279297,601.8452999591827,
62,71.44139981269836,69.87069988250732,69.76059985160828,69.75339984893799,69.75249981880188,68.45239996910095,671.8126997947693,671.8121998310089,,674.1337997913361,,68.12089991569519,68.44339990615845,68.43729996681213,68.45159983634949,68.44579982757568,674.1336998939514,671.8137998580933,600.3708000183105,0.007200002670288086,1.57069993019104,0.11010003089904785,0.0060999393463134766,0.31640005111694336,600.1384999752045,exp3,sdsc.edu,pilot.0000,rp.session.two.jdakka.017783.0013,unit.000062,0.004600048065185547,1.5720999240875244,,0.06970000267028809,,0.06369996070861816,0.025500059127807617,601.9433999061584,
63,71.46439981460571,69.87239980697632,69.76059985160828,69.75339984893799,69.75249981880188,68.45239996910095,671.8142998218536,671.8125998973846,,674.1337997913361,,68.1217999458313,68.44339990615845,68.43729996681213,68.45159983634949,68.44579982757568,674.1336998939514,671.8151998519897,600.3482000827789,0.007200002670288086,1.5920000076293945,0.11179995536804199,0.0060999393463134766,0.31550002098083496,600.1538999080658,exp3,sdsc.edu,pilot.0000,rp.session.two.jdakka.017783.0013,unit.000063,0.01940011978149414,1.593400001525879,,0.07800006866455078,,0.03600001335144043,0.017999887466430664,601.9429001808167,
